[
{
  "model": "admin.logentry",
  "pk": 1,
  "fields": {
    "action_time": "2025-02-10T01:38:03.635Z",
    "user": 1,
    "content_type": 9,
    "object_id": "1",
    "object_repr": "Havo sovutgichlar",
    "action_flag": 1,
    "change_message": "[{\"added\": {}}]"
  }
},
{
  "model": "admin.logentry",
  "pk": 2,
  "fields": {
    "action_time": "2025-02-10T01:38:11.799Z",
    "user": 1,
    "content_type": 9,
    "object_id": "2",
    "object_repr": "Isitgichlar",
    "action_flag": 1,
    "change_message": "[{\"added\": {}}]"
  }
},
{
  "model": "admin.logentry",
  "pk": 3,
  "fields": {
    "action_time": "2025-02-10T01:38:21.553Z",
    "user": 1,
    "content_type": 9,
    "object_id": "3",
    "object_repr": "Smartfonlar",
    "action_flag": 1,
    "change_message": "[{\"added\": {}}]"
  }
},
{
  "model": "admin.logentry",
  "pk": 4,
  "fields": {
    "action_time": "2025-02-10T01:38:29.166Z",
    "user": 1,
    "content_type": 9,
    "object_id": "4",
    "object_repr": "Muzlatgichlar",
    "action_flag": 1,
    "change_message": "[{\"added\": {}}]"
  }
},
{
  "model": "admin.logentry",
  "pk": 5,
  "fields": {
    "action_time": "2025-02-10T01:38:39.284Z",
    "user": 1,
    "content_type": 9,
    "object_id": "5",
    "object_repr": "Changyutgichlar",
    "action_flag": 1,
    "change_message": "[{\"added\": {}}]"
  }
},
{
  "model": "admin.logentry",
  "pk": 6,
  "fields": {
    "action_time": "2025-02-10T01:40:31.352Z",
    "user": 1,
    "content_type": 13,
    "object_id": "1",
    "object_repr": "Konditsioner LG AC12BK",
    "action_flag": 1,
    "change_message": "[{\"added\": {}}]"
  }
},
{
  "model": "admin.logentry",
  "pk": 7,
  "fields": {
    "action_time": "2025-02-10T01:41:34.418Z",
    "user": 1,
    "content_type": 13,
    "object_id": "2",
    "object_repr": "Konditsioner Avalon ART 12HQ",
    "action_flag": 1,
    "change_message": "[{\"added\": {}}]"
  }
},
{
  "model": "admin.logentry",
  "pk": 8,
  "fields": {
    "action_time": "2025-02-10T01:42:35.816Z",
    "user": 1,
    "content_type": 13,
    "object_id": "3",
    "object_repr": "Isitgich Shivaki SH-OH-1352",
    "action_flag": 1,
    "change_message": "[{\"added\": {}}]"
  }
},
{
  "model": "admin.logentry",
  "pk": 9,
  "fields": {
    "action_time": "2025-02-10T01:43:34.823Z",
    "user": 1,
    "content_type": 13,
    "object_id": "4",
    "object_repr": "Isitgich Artel OH1372",
    "action_flag": 1,
    "change_message": "[{\"added\": {}}]"
  }
},
{
  "model": "admin.logentry",
  "pk": 10,
  "fields": {
    "action_time": "2025-02-10T01:45:12.431Z",
    "user": 1,
    "content_type": 13,
    "object_id": "5",
    "object_repr": "Samsung Galaxy Z Fold 12/512GB Silver Shadow Smartfoni",
    "action_flag": 1,
    "change_message": "[{\"added\": {}}]"
  }
},
{
  "model": "admin.logentry",
  "pk": 11,
  "fields": {
    "action_time": "2025-02-10T04:59:56.649Z",
    "user": 1,
    "content_type": 7,
    "object_id": "1",
    "object_repr": "Brend",
    "action_flag": 1,
    "change_message": "[{\"added\": {}}]"
  }
},
{
  "model": "admin.logentry",
  "pk": 12,
  "fields": {
    "action_time": "2025-02-10T05:00:05.168Z",
    "user": 1,
    "content_type": 7,
    "object_id": "2",
    "object_repr": "Sovitish quvvati",
    "action_flag": 1,
    "change_message": "[{\"added\": {}}]"
  }
},
{
  "model": "admin.logentry",
  "pk": 13,
  "fields": {
    "action_time": "2025-02-10T05:00:12.895Z",
    "user": 1,
    "content_type": 7,
    "object_id": "3",
    "object_repr": "Isitish quvvati",
    "action_flag": 1,
    "change_message": "[{\"added\": {}}]"
  }
},
{
  "model": "admin.logentry",
  "pk": 14,
  "fields": {
    "action_time": "2025-02-10T05:00:21.361Z",
    "user": 1,
    "content_type": 7,
    "object_id": "4",
    "object_repr": "Sarflash quvvati (isitish/Sovitish)",
    "action_flag": 1,
    "change_message": "[{\"added\": {}}]"
  }
},
{
  "model": "admin.logentry",
  "pk": 15,
  "fields": {
    "action_time": "2025-02-10T05:00:33.506Z",
    "user": 1,
    "content_type": 7,
    "object_id": "5",
    "object_repr": "Maydoni",
    "action_flag": 1,
    "change_message": "[{\"added\": {}}]"
  }
},
{
  "model": "admin.logentry",
  "pk": 16,
  "fields": {
    "action_time": "2025-02-10T05:00:45.920Z",
    "user": 1,
    "content_type": 8,
    "object_id": "1",
    "object_repr": "LG",
    "action_flag": 1,
    "change_message": "[{\"added\": {}}]"
  }
},
{
  "model": "admin.logentry",
  "pk": 17,
  "fields": {
    "action_time": "2025-02-10T05:00:52.589Z",
    "user": 1,
    "content_type": 8,
    "object_id": "2",
    "object_repr": "2050 Vt",
    "action_flag": 1,
    "change_message": "[{\"added\": {}}]"
  }
},
{
  "model": "admin.logentry",
  "pk": 18,
  "fields": {
    "action_time": "2025-02-10T05:00:59.708Z",
    "user": 1,
    "content_type": 8,
    "object_id": "3",
    "object_repr": "3200 Vt",
    "action_flag": 1,
    "change_message": "[{\"added\": {}}]"
  }
},
{
  "model": "admin.logentry",
  "pk": 19,
  "fields": {
    "action_time": "2025-02-10T05:01:05.879Z",
    "user": 1,
    "content_type": 8,
    "object_id": "4",
    "object_repr": "1050/1080 Vt",
    "action_flag": 1,
    "change_message": "[{\"added\": {}}]"
  }
},
{
  "model": "admin.logentry",
  "pk": 20,
  "fields": {
    "action_time": "2025-02-10T05:01:17.405Z",
    "user": 1,
    "content_type": 8,
    "object_id": "5",
    "object_repr": "36 kv.m",
    "action_flag": 1,
    "change_message": "[{\"added\": {}}]"
  }
},
{
  "model": "admin.logentry",
  "pk": 21,
  "fields": {
    "action_time": "2025-02-10T05:01:37.534Z",
    "user": 1,
    "content_type": 16,
    "object_id": "1",
    "object_repr": "ProductAttribute object (1)",
    "action_flag": 1,
    "change_message": "[{\"added\": {}}]"
  }
},
{
  "model": "admin.logentry",
  "pk": 22,
  "fields": {
    "action_time": "2025-02-10T05:01:44.271Z",
    "user": 1,
    "content_type": 16,
    "object_id": "2",
    "object_repr": "ProductAttribute object (2)",
    "action_flag": 1,
    "change_message": "[{\"added\": {}}]"
  }
},
{
  "model": "admin.logentry",
  "pk": 23,
  "fields": {
    "action_time": "2025-02-10T05:06:20.000Z",
    "user": 1,
    "content_type": 16,
    "object_id": "3",
    "object_repr": "Isitish quvvati",
    "action_flag": 1,
    "change_message": "[{\"added\": {}}]"
  }
},
{
  "model": "admin.logentry",
  "pk": 24,
  "fields": {
    "action_time": "2025-02-10T05:06:27.340Z",
    "user": 1,
    "content_type": 16,
    "object_id": "4",
    "object_repr": "Sarflash quvvati (isitish/Sovitish)",
    "action_flag": 1,
    "change_message": "[{\"added\": {}}]"
  }
},
{
  "model": "admin.logentry",
  "pk": 25,
  "fields": {
    "action_time": "2025-02-10T05:06:35.884Z",
    "user": 1,
    "content_type": 16,
    "object_id": "5",
    "object_repr": "Maydoni",
    "action_flag": 1,
    "change_message": "[{\"added\": {}}]"
  }
},
{
  "model": "admin.logentry",
  "pk": 26,
  "fields": {
    "action_time": "2025-02-10T05:07:33.141Z",
    "user": 1,
    "content_type": 11,
    "object_id": "1",
    "object_repr": "media/img/konditsioner_HcG52RA.webp",
    "action_flag": 1,
    "change_message": "[{\"added\": {}}]"
  }
},
{
  "model": "admin.logentry",
  "pk": 27,
  "fields": {
    "action_time": "2025-02-10T05:07:38.933Z",
    "user": 1,
    "content_type": 11,
    "object_id": "2",
    "object_repr": "media/img/konditsioner2_pr0vs6K.jpg",
    "action_flag": 1,
    "change_message": "[{\"added\": {}}]"
  }
},
{
  "model": "admin.logentry",
  "pk": 28,
  "fields": {
    "action_time": "2025-02-10T05:07:44.962Z",
    "user": 1,
    "content_type": 11,
    "object_id": "3",
    "object_repr": "media/img/konditsioner3_twkh86h.jpg",
    "action_flag": 1,
    "change_message": "[{\"added\": {}}]"
  }
},
{
  "model": "admin.logentry",
  "pk": 29,
  "fields": {
    "action_time": "2025-02-10T05:07:51.100Z",
    "user": 1,
    "content_type": 11,
    "object_id": "4",
    "object_repr": "media/img/konditsioner4_mBEWZf3.webp",
    "action_flag": 1,
    "change_message": "[{\"added\": {}}]"
  }
},
{
  "model": "admin.logentry",
  "pk": 30,
  "fields": {
    "action_time": "2025-02-10T05:09:19.234Z",
    "user": 1,
    "content_type": 17,
    "object_id": "1",
    "object_repr": "Konditsioner LG AC12BK",
    "action_flag": 1,
    "change_message": "[{\"added\": {}}]"
  }
},
{
  "model": "admin.logentry",
  "pk": 31,
  "fields": {
    "action_time": "2025-02-10T05:09:24.457Z",
    "user": 1,
    "content_type": 17,
    "object_id": "2",
    "object_repr": "Konditsioner LG AC12BK",
    "action_flag": 1,
    "change_message": "[{\"added\": {}}]"
  }
},
{
  "model": "admin.logentry",
  "pk": 32,
  "fields": {
    "action_time": "2025-02-10T05:09:29.647Z",
    "user": 1,
    "content_type": 17,
    "object_id": "3",
    "object_repr": "Konditsioner LG AC12BK",
    "action_flag": 1,
    "change_message": "[{\"added\": {}}]"
  }
},
{
  "model": "admin.logentry",
  "pk": 33,
  "fields": {
    "action_time": "2025-02-10T05:09:34.397Z",
    "user": 1,
    "content_type": 17,
    "object_id": "4",
    "object_repr": "Konditsioner LG AC12BK",
    "action_flag": 1,
    "change_message": "[{\"added\": {}}]"
  }
},
{
  "model": "admin.logentry",
  "pk": 34,
  "fields": {
    "action_time": "2025-02-10T05:18:13.797Z",
    "user": 1,
    "content_type": 15,
    "object_id": "5",
    "object_repr": "Muzaffar Ibrohimov - 2025-02-10 05:17:53.560240+00:00",
    "action_flag": 3,
    "change_message": ""
  }
},
{
  "model": "admin.logentry",
  "pk": 35,
  "fields": {
    "action_time": "2025-02-10T05:18:13.797Z",
    "user": 1,
    "content_type": 15,
    "object_id": "4",
    "object_repr": "Mike Tomas - 2025-02-10 05:16:29.199388+00:00",
    "action_flag": 3,
    "change_message": ""
  }
},
{
  "model": "admin.logentry",
  "pk": 36,
  "fields": {
    "action_time": "2025-02-10T05:18:13.797Z",
    "user": 1,
    "content_type": 15,
    "object_id": "3",
    "object_repr": "Mike Tomas - 2025-02-10 05:13:15.136429+00:00",
    "action_flag": 3,
    "change_message": ""
  }
},
{
  "model": "admin.logentry",
  "pk": 37,
  "fields": {
    "action_time": "2025-02-10T05:18:13.797Z",
    "user": 1,
    "content_type": 15,
    "object_id": "2",
    "object_repr": "Mike Tomas - 2025-02-10 05:12:35.191041+00:00",
    "action_flag": 3,
    "change_message": ""
  }
},
{
  "model": "admin.logentry",
  "pk": 38,
  "fields": {
    "action_time": "2025-02-10T05:18:13.797Z",
    "user": 1,
    "content_type": 15,
    "object_id": "1",
    "object_repr": "Mike Tomas - 2025-02-10 05:09:51.927744+00:00",
    "action_flag": 3,
    "change_message": ""
  }
},
{
  "model": "admin.logentry",
  "pk": 39,
  "fields": {
    "action_time": "2025-02-10T05:19:41.430Z",
    "user": 1,
    "content_type": 8,
    "object_id": "6",
    "object_repr": "Avalon",
    "action_flag": 1,
    "change_message": "[{\"added\": {}}]"
  }
},
{
  "model": "admin.logentry",
  "pk": 40,
  "fields": {
    "action_time": "2025-02-10T05:19:47.966Z",
    "user": 1,
    "content_type": 8,
    "object_id": "7",
    "object_repr": "3600 Vt",
    "action_flag": 1,
    "change_message": "[{\"added\": {}}]"
  }
},
{
  "model": "admin.logentry",
  "pk": 41,
  "fields": {
    "action_time": "2025-02-10T05:19:54.213Z",
    "user": 1,
    "content_type": 8,
    "object_id": "8",
    "object_repr": "4450 Vt",
    "action_flag": 1,
    "change_message": "[{\"added\": {}}]"
  }
},
{
  "model": "admin.logentry",
  "pk": 42,
  "fields": {
    "action_time": "2025-02-10T05:20:01.172Z",
    "user": 1,
    "content_type": 8,
    "object_id": "9",
    "object_repr": "1200/955 Vt",
    "action_flag": 1,
    "change_message": "[{\"added\": {}}]"
  }
},
{
  "model": "admin.logentry",
  "pk": 43,
  "fields": {
    "action_time": "2025-02-10T05:20:07.729Z",
    "user": 1,
    "content_type": 8,
    "object_id": "10",
    "object_repr": "32 kv.m",
    "action_flag": 1,
    "change_message": "[{\"added\": {}}]"
  }
},
{
  "model": "admin.logentry",
  "pk": 44,
  "fields": {
    "action_time": "2025-02-10T05:20:23.010Z",
    "user": 1,
    "content_type": 16,
    "object_id": "6",
    "object_repr": "Brend",
    "action_flag": 1,
    "change_message": "[{\"added\": {}}]"
  }
},
{
  "model": "admin.logentry",
  "pk": 45,
  "fields": {
    "action_time": "2025-02-10T05:20:31.214Z",
    "user": 1,
    "content_type": 16,
    "object_id": "7",
    "object_repr": "Sovitish quvvati",
    "action_flag": 1,
    "change_message": "[{\"added\": {}}]"
  }
},
{
  "model": "admin.logentry",
  "pk": 46,
  "fields": {
    "action_time": "2025-02-10T05:20:38.092Z",
    "user": 1,
    "content_type": 16,
    "object_id": "8",
    "object_repr": "Isitish quvvati",
    "action_flag": 1,
    "change_message": "[{\"added\": {}}]"
  }
},
{
  "model": "admin.logentry",
  "pk": 47,
  "fields": {
    "action_time": "2025-02-10T05:20:47.749Z",
    "user": 1,
    "content_type": 16,
    "object_id": "9",
    "object_repr": "Sarflash quvvati (isitish/Sovitish)",
    "action_flag": 1,
    "change_message": "[{\"added\": {}}]"
  }
},
{
  "model": "admin.logentry",
  "pk": 48,
  "fields": {
    "action_time": "2025-02-10T05:20:54.026Z",
    "user": 1,
    "content_type": 16,
    "object_id": "10",
    "object_repr": "Maydoni",
    "action_flag": 1,
    "change_message": "[{\"added\": {}}]"
  }
},
{
  "model": "admin.logentry",
  "pk": 49,
  "fields": {
    "action_time": "2025-02-10T05:31:57.865Z",
    "user": 1,
    "content_type": 11,
    "object_id": "5",
    "object_repr": "media/img/avalon1.webp",
    "action_flag": 1,
    "change_message": "[{\"added\": {}}]"
  }
},
{
  "model": "admin.logentry",
  "pk": 50,
  "fields": {
    "action_time": "2025-02-10T05:32:02.657Z",
    "user": 1,
    "content_type": 11,
    "object_id": "6",
    "object_repr": "media/img/avalon2.webp",
    "action_flag": 1,
    "change_message": "[{\"added\": {}}]"
  }
},
{
  "model": "admin.logentry",
  "pk": 51,
  "fields": {
    "action_time": "2025-02-10T05:32:06.900Z",
    "user": 1,
    "content_type": 11,
    "object_id": "7",
    "object_repr": "media/img/avalon3.webp",
    "action_flag": 1,
    "change_message": "[{\"added\": {}}]"
  }
},
{
  "model": "admin.logentry",
  "pk": 52,
  "fields": {
    "action_time": "2025-02-10T05:32:11.562Z",
    "user": 1,
    "content_type": 11,
    "object_id": "8",
    "object_repr": "media/img/avalon4.webp",
    "action_flag": 1,
    "change_message": "[{\"added\": {}}]"
  }
},
{
  "model": "admin.logentry",
  "pk": 53,
  "fields": {
    "action_time": "2025-02-10T05:32:26.994Z",
    "user": 1,
    "content_type": 17,
    "object_id": "5",
    "object_repr": "Konditsioner Avalon ART 12HQ",
    "action_flag": 1,
    "change_message": "[{\"added\": {}}]"
  }
},
{
  "model": "admin.logentry",
  "pk": 54,
  "fields": {
    "action_time": "2025-02-10T05:32:32.168Z",
    "user": 1,
    "content_type": 17,
    "object_id": "6",
    "object_repr": "Konditsioner Avalon ART 12HQ",
    "action_flag": 1,
    "change_message": "[{\"added\": {}}]"
  }
},
{
  "model": "admin.logentry",
  "pk": 55,
  "fields": {
    "action_time": "2025-02-10T05:32:36.820Z",
    "user": 1,
    "content_type": 17,
    "object_id": "7",
    "object_repr": "Konditsioner Avalon ART 12HQ",
    "action_flag": 1,
    "change_message": "[{\"added\": {}}]"
  }
},
{
  "model": "admin.logentry",
  "pk": 56,
  "fields": {
    "action_time": "2025-02-10T05:32:41.097Z",
    "user": 1,
    "content_type": 17,
    "object_id": "8",
    "object_repr": "Konditsioner Avalon ART 12HQ",
    "action_flag": 1,
    "change_message": "[{\"added\": {}}]"
  }
},
{
  "model": "admin.logentry",
  "pk": 57,
  "fields": {
    "action_time": "2025-02-10T05:34:20.917Z",
    "user": 1,
    "content_type": 7,
    "object_id": "6",
    "object_repr": "Brend",
    "action_flag": 1,
    "change_message": "[{\"added\": {}}]"
  }
},
{
  "model": "admin.logentry",
  "pk": 58,
  "fields": {
    "action_time": "2025-02-10T05:34:32.509Z",
    "user": 1,
    "content_type": 7,
    "object_id": "7",
    "object_repr": "Turi",
    "action_flag": 1,
    "change_message": "[{\"added\": {}}]"
  }
},
{
  "model": "admin.logentry",
  "pk": 59,
  "fields": {
    "action_time": "2025-02-10T05:34:42.510Z",
    "user": 1,
    "content_type": 7,
    "object_id": "8",
    "object_repr": "Quvvati",
    "action_flag": 1,
    "change_message": "[{\"added\": {}}]"
  }
},
{
  "model": "admin.logentry",
  "pk": 60,
  "fields": {
    "action_time": "2025-02-10T05:34:49.623Z",
    "user": 1,
    "content_type": 7,
    "object_id": "9",
    "object_repr": "Ishlab chiqaruvchi davlat",
    "action_flag": 1,
    "change_message": "[{\"added\": {}}]"
  }
},
{
  "model": "admin.logentry",
  "pk": 61,
  "fields": {
    "action_time": "2025-02-10T05:34:57.259Z",
    "user": 1,
    "content_type": 7,
    "object_id": "10",
    "object_repr": "Kuchlanish",
    "action_flag": 1,
    "change_message": "[{\"added\": {}}]"
  }
},
{
  "model": "admin.logentry",
  "pk": 62,
  "fields": {
    "action_time": "2025-02-10T05:35:09.657Z",
    "user": 1,
    "content_type": 8,
    "object_id": "11",
    "object_repr": "Shivaki",
    "action_flag": 1,
    "change_message": "[{\"added\": {}}]"
  }
},
{
  "model": "admin.logentry",
  "pk": 63,
  "fields": {
    "action_time": "2025-02-10T05:35:16.906Z",
    "user": 1,
    "content_type": 8,
    "object_id": "12",
    "object_repr": "Moyli",
    "action_flag": 1,
    "change_message": "[{\"added\": {}}]"
  }
},
{
  "model": "admin.logentry",
  "pk": 64,
  "fields": {
    "action_time": "2025-02-10T05:35:24.521Z",
    "user": 1,
    "content_type": 8,
    "object_id": "13",
    "object_repr": "2500 Vt",
    "action_flag": 1,
    "change_message": "[{\"added\": {}}]"
  }
},
{
  "model": "admin.logentry",
  "pk": 65,
  "fields": {
    "action_time": "2025-02-10T05:35:30.150Z",
    "user": 1,
    "content_type": 8,
    "object_id": "14",
    "object_repr": "O'zbekiston",
    "action_flag": 1,
    "change_message": "[{\"added\": {}}]"
  }
},
{
  "model": "admin.logentry",
  "pk": 66,
  "fields": {
    "action_time": "2025-02-10T05:35:36.454Z",
    "user": 1,
    "content_type": 8,
    "object_id": "15",
    "object_repr": "220-240 V",
    "action_flag": 1,
    "change_message": "[{\"added\": {}}]"
  }
},
{
  "model": "admin.logentry",
  "pk": 67,
  "fields": {
    "action_time": "2025-02-10T05:36:06.680Z",
    "user": 1,
    "content_type": 16,
    "object_id": "11",
    "object_repr": "Brend",
    "action_flag": 1,
    "change_message": "[{\"added\": {}}]"
  }
},
{
  "model": "admin.logentry",
  "pk": 68,
  "fields": {
    "action_time": "2025-02-10T05:36:13.592Z",
    "user": 1,
    "content_type": 16,
    "object_id": "12",
    "object_repr": "Turi",
    "action_flag": 1,
    "change_message": "[{\"added\": {}}]"
  }
},
{
  "model": "admin.logentry",
  "pk": 69,
  "fields": {
    "action_time": "2025-02-10T05:36:20.066Z",
    "user": 1,
    "content_type": 16,
    "object_id": "13",
    "object_repr": "Quvvati",
    "action_flag": 1,
    "change_message": "[{\"added\": {}}]"
  }
},
{
  "model": "admin.logentry",
  "pk": 70,
  "fields": {
    "action_time": "2025-02-10T05:36:25.592Z",
    "user": 1,
    "content_type": 16,
    "object_id": "14",
    "object_repr": "Ishlab chiqaruvchi davlat",
    "action_flag": 1,
    "change_message": "[{\"added\": {}}]"
  }
},
{
  "model": "admin.logentry",
  "pk": 71,
  "fields": {
    "action_time": "2025-02-10T05:36:36.494Z",
    "user": 1,
    "content_type": 16,
    "object_id": "15",
    "object_repr": "Kuchlanish",
    "action_flag": 1,
    "change_message": "[{\"added\": {}}]"
  }
},
{
  "model": "admin.logentry",
  "pk": 72,
  "fields": {
    "action_time": "2025-02-10T05:37:19.165Z",
    "user": 1,
    "content_type": 11,
    "object_id": "9",
    "object_repr": "media/img/isitgich.webp",
    "action_flag": 1,
    "change_message": "[{\"added\": {}}]"
  }
},
{
  "model": "admin.logentry",
  "pk": 73,
  "fields": {
    "action_time": "2025-02-10T05:37:36.379Z",
    "user": 1,
    "content_type": 17,
    "object_id": "9",
    "object_repr": "Isitgich Shivaki SH-OH-1352",
    "action_flag": 1,
    "change_message": "[{\"added\": {}}]"
  }
},
{
  "model": "admin.logentry",
  "pk": 74,
  "fields": {
    "action_time": "2025-02-10T09:56:11.117Z",
    "user": 1,
    "content_type": 19,
    "object_id": "1",
    "object_repr": "Mike Tomas -> KVXTF-00001 -> Konditsioner LG AC12BK",
    "action_flag": 1,
    "change_message": "[{\"added\": {}}]"
  }
},
{
  "model": "auth.permission",
  "pk": 1,
  "fields": {
    "name": "Can add admin theme",
    "content_type": 1,
    "codename": "add_batontheme"
  }
},
{
  "model": "auth.permission",
  "pk": 2,
  "fields": {
    "name": "Can change admin theme",
    "content_type": 1,
    "codename": "change_batontheme"
  }
},
{
  "model": "auth.permission",
  "pk": 3,
  "fields": {
    "name": "Can delete admin theme",
    "content_type": 1,
    "codename": "delete_batontheme"
  }
},
{
  "model": "auth.permission",
  "pk": 4,
  "fields": {
    "name": "Can view admin theme",
    "content_type": 1,
    "codename": "view_batontheme"
  }
},
{
  "model": "auth.permission",
  "pk": 5,
  "fields": {
    "name": "Can add log entry",
    "content_type": 2,
    "codename": "add_logentry"
  }
},
{
  "model": "auth.permission",
  "pk": 6,
  "fields": {
    "name": "Can change log entry",
    "content_type": 2,
    "codename": "change_logentry"
  }
},
{
  "model": "auth.permission",
  "pk": 7,
  "fields": {
    "name": "Can delete log entry",
    "content_type": 2,
    "codename": "delete_logentry"
  }
},
{
  "model": "auth.permission",
  "pk": 8,
  "fields": {
    "name": "Can view log entry",
    "content_type": 2,
    "codename": "view_logentry"
  }
},
{
  "model": "auth.permission",
  "pk": 9,
  "fields": {
    "name": "Can add permission",
    "content_type": 3,
    "codename": "add_permission"
  }
},
{
  "model": "auth.permission",
  "pk": 10,
  "fields": {
    "name": "Can change permission",
    "content_type": 3,
    "codename": "change_permission"
  }
},
{
  "model": "auth.permission",
  "pk": 11,
  "fields": {
    "name": "Can delete permission",
    "content_type": 3,
    "codename": "delete_permission"
  }
},
{
  "model": "auth.permission",
  "pk": 12,
  "fields": {
    "name": "Can view permission",
    "content_type": 3,
    "codename": "view_permission"
  }
},
{
  "model": "auth.permission",
  "pk": 13,
  "fields": {
    "name": "Can add group",
    "content_type": 4,
    "codename": "add_group"
  }
},
{
  "model": "auth.permission",
  "pk": 14,
  "fields": {
    "name": "Can change group",
    "content_type": 4,
    "codename": "change_group"
  }
},
{
  "model": "auth.permission",
  "pk": 15,
  "fields": {
    "name": "Can delete group",
    "content_type": 4,
    "codename": "delete_group"
  }
},
{
  "model": "auth.permission",
  "pk": 16,
  "fields": {
    "name": "Can view group",
    "content_type": 4,
    "codename": "view_group"
  }
},
{
  "model": "auth.permission",
  "pk": 17,
  "fields": {
    "name": "Can add content type",
    "content_type": 5,
    "codename": "add_contenttype"
  }
},
{
  "model": "auth.permission",
  "pk": 18,
  "fields": {
    "name": "Can change content type",
    "content_type": 5,
    "codename": "change_contenttype"
  }
},
{
  "model": "auth.permission",
  "pk": 19,
  "fields": {
    "name": "Can delete content type",
    "content_type": 5,
    "codename": "delete_contenttype"
  }
},
{
  "model": "auth.permission",
  "pk": 20,
  "fields": {
    "name": "Can view content type",
    "content_type": 5,
    "codename": "view_contenttype"
  }
},
{
  "model": "auth.permission",
  "pk": 21,
  "fields": {
    "name": "Can add session",
    "content_type": 6,
    "codename": "add_session"
  }
},
{
  "model": "auth.permission",
  "pk": 22,
  "fields": {
    "name": "Can change session",
    "content_type": 6,
    "codename": "change_session"
  }
},
{
  "model": "auth.permission",
  "pk": 23,
  "fields": {
    "name": "Can delete session",
    "content_type": 6,
    "codename": "delete_session"
  }
},
{
  "model": "auth.permission",
  "pk": 24,
  "fields": {
    "name": "Can view session",
    "content_type": 6,
    "codename": "view_session"
  }
},
{
  "model": "auth.permission",
  "pk": 25,
  "fields": {
    "name": "Can add attribute",
    "content_type": 7,
    "codename": "add_attribute"
  }
},
{
  "model": "auth.permission",
  "pk": 26,
  "fields": {
    "name": "Can change attribute",
    "content_type": 7,
    "codename": "change_attribute"
  }
},
{
  "model": "auth.permission",
  "pk": 27,
  "fields": {
    "name": "Can delete attribute",
    "content_type": 7,
    "codename": "delete_attribute"
  }
},
{
  "model": "auth.permission",
  "pk": 28,
  "fields": {
    "name": "Can view attribute",
    "content_type": 7,
    "codename": "view_attribute"
  }
},
{
  "model": "auth.permission",
  "pk": 29,
  "fields": {
    "name": "Can add attribute value",
    "content_type": 8,
    "codename": "add_attributevalue"
  }
},
{
  "model": "auth.permission",
  "pk": 30,
  "fields": {
    "name": "Can change attribute value",
    "content_type": 8,
    "codename": "change_attributevalue"
  }
},
{
  "model": "auth.permission",
  "pk": 31,
  "fields": {
    "name": "Can delete attribute value",
    "content_type": 8,
    "codename": "delete_attributevalue"
  }
},
{
  "model": "auth.permission",
  "pk": 32,
  "fields": {
    "name": "Can view attribute value",
    "content_type": 8,
    "codename": "view_attributevalue"
  }
},
{
  "model": "auth.permission",
  "pk": 33,
  "fields": {
    "name": "Can add category",
    "content_type": 9,
    "codename": "add_category"
  }
},
{
  "model": "auth.permission",
  "pk": 34,
  "fields": {
    "name": "Can change category",
    "content_type": 9,
    "codename": "change_category"
  }
},
{
  "model": "auth.permission",
  "pk": 35,
  "fields": {
    "name": "Can delete category",
    "content_type": 9,
    "codename": "delete_category"
  }
},
{
  "model": "auth.permission",
  "pk": 36,
  "fields": {
    "name": "Can view category",
    "content_type": 9,
    "codename": "view_category"
  }
},
{
  "model": "auth.permission",
  "pk": 37,
  "fields": {
    "name": "Can add customer",
    "content_type": 10,
    "codename": "add_customer"
  }
},
{
  "model": "auth.permission",
  "pk": 38,
  "fields": {
    "name": "Can change customer",
    "content_type": 10,
    "codename": "change_customer"
  }
},
{
  "model": "auth.permission",
  "pk": 39,
  "fields": {
    "name": "Can delete customer",
    "content_type": 10,
    "codename": "delete_customer"
  }
},
{
  "model": "auth.permission",
  "pk": 40,
  "fields": {
    "name": "Can view customer",
    "content_type": 10,
    "codename": "view_customer"
  }
},
{
  "model": "auth.permission",
  "pk": 41,
  "fields": {
    "name": "Can add img",
    "content_type": 11,
    "codename": "add_img"
  }
},
{
  "model": "auth.permission",
  "pk": 42,
  "fields": {
    "name": "Can change img",
    "content_type": 11,
    "codename": "change_img"
  }
},
{
  "model": "auth.permission",
  "pk": 43,
  "fields": {
    "name": "Can delete img",
    "content_type": 11,
    "codename": "delete_img"
  }
},
{
  "model": "auth.permission",
  "pk": 44,
  "fields": {
    "name": "Can view img",
    "content_type": 11,
    "codename": "view_img"
  }
},
{
  "model": "auth.permission",
  "pk": 45,
  "fields": {
    "name": "Can add order",
    "content_type": 12,
    "codename": "add_order"
  }
},
{
  "model": "auth.permission",
  "pk": 46,
  "fields": {
    "name": "Can change order",
    "content_type": 12,
    "codename": "change_order"
  }
},
{
  "model": "auth.permission",
  "pk": 47,
  "fields": {
    "name": "Can delete order",
    "content_type": 12,
    "codename": "delete_order"
  }
},
{
  "model": "auth.permission",
  "pk": 48,
  "fields": {
    "name": "Can view order",
    "content_type": 12,
    "codename": "view_order"
  }
},
{
  "model": "auth.permission",
  "pk": 49,
  "fields": {
    "name": "Can add product",
    "content_type": 13,
    "codename": "add_product"
  }
},
{
  "model": "auth.permission",
  "pk": 50,
  "fields": {
    "name": "Can change product",
    "content_type": 13,
    "codename": "change_product"
  }
},
{
  "model": "auth.permission",
  "pk": 51,
  "fields": {
    "name": "Can delete product",
    "content_type": 13,
    "codename": "delete_product"
  }
},
{
  "model": "auth.permission",
  "pk": 52,
  "fields": {
    "name": "Can view product",
    "content_type": 13,
    "codename": "view_product"
  }
},
{
  "model": "auth.permission",
  "pk": 53,
  "fields": {
    "name": "Can add order item",
    "content_type": 14,
    "codename": "add_orderitem"
  }
},
{
  "model": "auth.permission",
  "pk": 54,
  "fields": {
    "name": "Can change order item",
    "content_type": 14,
    "codename": "change_orderitem"
  }
},
{
  "model": "auth.permission",
  "pk": 55,
  "fields": {
    "name": "Can delete order item",
    "content_type": 14,
    "codename": "delete_orderitem"
  }
},
{
  "model": "auth.permission",
  "pk": 56,
  "fields": {
    "name": "Can view order item",
    "content_type": 14,
    "codename": "view_orderitem"
  }
},
{
  "model": "auth.permission",
  "pk": 57,
  "fields": {
    "name": "Can add comment",
    "content_type": 15,
    "codename": "add_comment"
  }
},
{
  "model": "auth.permission",
  "pk": 58,
  "fields": {
    "name": "Can change comment",
    "content_type": 15,
    "codename": "change_comment"
  }
},
{
  "model": "auth.permission",
  "pk": 59,
  "fields": {
    "name": "Can delete comment",
    "content_type": 15,
    "codename": "delete_comment"
  }
},
{
  "model": "auth.permission",
  "pk": 60,
  "fields": {
    "name": "Can view comment",
    "content_type": 15,
    "codename": "view_comment"
  }
},
{
  "model": "auth.permission",
  "pk": 61,
  "fields": {
    "name": "Can add product attribute",
    "content_type": 16,
    "codename": "add_productattribute"
  }
},
{
  "model": "auth.permission",
  "pk": 62,
  "fields": {
    "name": "Can change product attribute",
    "content_type": 16,
    "codename": "change_productattribute"
  }
},
{
  "model": "auth.permission",
  "pk": 63,
  "fields": {
    "name": "Can delete product attribute",
    "content_type": 16,
    "codename": "delete_productattribute"
  }
},
{
  "model": "auth.permission",
  "pk": 64,
  "fields": {
    "name": "Can view product attribute",
    "content_type": 16,
    "codename": "view_productattribute"
  }
},
{
  "model": "auth.permission",
  "pk": 65,
  "fields": {
    "name": "Can add product img",
    "content_type": 17,
    "codename": "add_productimg"
  }
},
{
  "model": "auth.permission",
  "pk": 66,
  "fields": {
    "name": "Can change product img",
    "content_type": 17,
    "codename": "change_productimg"
  }
},
{
  "model": "auth.permission",
  "pk": 67,
  "fields": {
    "name": "Can delete product img",
    "content_type": 17,
    "codename": "delete_productimg"
  }
},
{
  "model": "auth.permission",
  "pk": 68,
  "fields": {
    "name": "Can view product img",
    "content_type": 17,
    "codename": "view_productimg"
  }
},
{
  "model": "auth.permission",
  "pk": 69,
  "fields": {
    "name": "Can add user",
    "content_type": 18,
    "codename": "add_user"
  }
},
{
  "model": "auth.permission",
  "pk": 70,
  "fields": {
    "name": "Can change user",
    "content_type": 18,
    "codename": "change_user"
  }
},
{
  "model": "auth.permission",
  "pk": 71,
  "fields": {
    "name": "Can delete user",
    "content_type": 18,
    "codename": "delete_user"
  }
},
{
  "model": "auth.permission",
  "pk": 72,
  "fields": {
    "name": "Can view user",
    "content_type": 18,
    "codename": "view_user"
  }
},
{
  "model": "auth.permission",
  "pk": 73,
  "fields": {
    "name": "Can add shopping cart",
    "content_type": 19,
    "codename": "add_shoppingcart"
  }
},
{
  "model": "auth.permission",
  "pk": 74,
  "fields": {
    "name": "Can change shopping cart",
    "content_type": 19,
    "codename": "change_shoppingcart"
  }
},
{
  "model": "auth.permission",
  "pk": 75,
  "fields": {
    "name": "Can delete shopping cart",
    "content_type": 19,
    "codename": "delete_shoppingcart"
  }
},
{
  "model": "auth.permission",
  "pk": 76,
  "fields": {
    "name": "Can view shopping cart",
    "content_type": 19,
    "codename": "view_shoppingcart"
  }
},
{
  "model": "contenttypes.contenttype",
  "pk": 1,
  "fields": {
    "app_label": "baton",
    "model": "batontheme"
  }
},
{
  "model": "contenttypes.contenttype",
  "pk": 2,
  "fields": {
    "app_label": "admin",
    "model": "logentry"
  }
},
{
  "model": "contenttypes.contenttype",
  "pk": 3,
  "fields": {
    "app_label": "auth",
    "model": "permission"
  }
},
{
  "model": "contenttypes.contenttype",
  "pk": 4,
  "fields": {
    "app_label": "auth",
    "model": "group"
  }
},
{
  "model": "contenttypes.contenttype",
  "pk": 5,
  "fields": {
    "app_label": "contenttypes",
    "model": "contenttype"
  }
},
{
  "model": "contenttypes.contenttype",
  "pk": 6,
  "fields": {
    "app_label": "sessions",
    "model": "session"
  }
},
{
  "model": "contenttypes.contenttype",
  "pk": 7,
  "fields": {
    "app_label": "ecommerce",
    "model": "attribute"
  }
},
{
  "model": "contenttypes.contenttype",
  "pk": 8,
  "fields": {
    "app_label": "ecommerce",
    "model": "attributevalue"
  }
},
{
  "model": "contenttypes.contenttype",
  "pk": 9,
  "fields": {
    "app_label": "ecommerce",
    "model": "category"
  }
},
{
  "model": "contenttypes.contenttype",
  "pk": 10,
  "fields": {
    "app_label": "ecommerce",
    "model": "customer"
  }
},
{
  "model": "contenttypes.contenttype",
  "pk": 11,
  "fields": {
    "app_label": "ecommerce",
    "model": "img"
  }
},
{
  "model": "contenttypes.contenttype",
  "pk": 12,
  "fields": {
    "app_label": "ecommerce",
    "model": "order"
  }
},
{
  "model": "contenttypes.contenttype",
  "pk": 13,
  "fields": {
    "app_label": "ecommerce",
    "model": "product"
  }
},
{
  "model": "contenttypes.contenttype",
  "pk": 14,
  "fields": {
    "app_label": "ecommerce",
    "model": "orderitem"
  }
},
{
  "model": "contenttypes.contenttype",
  "pk": 15,
  "fields": {
    "app_label": "ecommerce",
    "model": "comment"
  }
},
{
  "model": "contenttypes.contenttype",
  "pk": 16,
  "fields": {
    "app_label": "ecommerce",
    "model": "productattribute"
  }
},
{
  "model": "contenttypes.contenttype",
  "pk": 17,
  "fields": {
    "app_label": "ecommerce",
    "model": "productimg"
  }
},
{
  "model": "contenttypes.contenttype",
  "pk": 18,
  "fields": {
    "app_label": "user",
    "model": "user"
  }
},
{
  "model": "contenttypes.contenttype",
  "pk": 19,
  "fields": {
    "app_label": "ecommerce",
    "model": "shoppingcart"
  }
},
{
  "model": "sessions.session",
  "pk": "b95yxqy7bi0q3pzrkv6366dej8dxojso",
  "fields": {
    "session_data": "e30:1th56q:7kBsJHRgSVjM1PLtMdkmM_BY-deyckxA4AxTlbhtYhE",
    "expire_date": "2025-02-23T11:04:20.077Z"
  }
},
{
  "model": "sessions.session",
  "pk": "mhyc7kiyz2pcuygynmghh5jtkv4417s2",
  "fields": {
    "session_data": ".eJxVjEEOgjAQRe_StWloB6bg0r1naKYzg0VNSSisjHdXEha6_e-9_zKRtjXHreoSJzFn48zpd0vEDy07kDuV22x5LusyJbsr9qDVXmfR5-Vw_w4y1fytdUSPnrnrWQiGBhINqj5pANd6AIcsrbhRwCNKjwShE0TXBPZKDsz7A-6cN8M:1thIjq:vU6VvuepdrP_JPkAX801NPDPVX8U-UEMLALEDUXm20A",
    "expire_date": "2025-02-24T01:37:30.088Z"
  }
},
{
  "model": "sessions.session",
  "pk": "ql6ixjcsa8ay9hwu0iyhl3bizazs0bnx",
  "fields": {
    "session_data": "e30:1th57y:m-rpkUiaYNoCJTbe-d7TDw6Vxz_8NSyXRP6jMJuAlhA",
    "expire_date": "2025-02-23T11:05:30.004Z"
  }
},
{
  "model": "ecommerce.category",
  "pk": 1,
  "fields": {
    "created_at": "2025-02-10T01:38:03.633Z",
    "updated_at": "2025-02-10T01:38:03.633Z",
    "my_order": 0,
    "title": "Havo sovutgichlar"
  }
},
{
  "model": "ecommerce.category",
  "pk": 2,
  "fields": {
    "created_at": "2025-02-10T01:38:11.797Z",
    "updated_at": "2025-02-10T01:38:11.797Z",
    "my_order": 0,
    "title": "Isitgichlar"
  }
},
{
  "model": "ecommerce.category",
  "pk": 3,
  "fields": {
    "created_at": "2025-02-10T01:38:21.551Z",
    "updated_at": "2025-02-10T01:38:21.551Z",
    "my_order": 0,
    "title": "Smartfonlar"
  }
},
{
  "model": "ecommerce.category",
  "pk": 4,
  "fields": {
    "created_at": "2025-02-10T01:38:29.164Z",
    "updated_at": "2025-02-10T01:38:29.164Z",
    "my_order": 0,
    "title": "Muzlatgichlar"
  }
},
{
  "model": "ecommerce.category",
  "pk": 5,
  "fields": {
    "created_at": "2025-02-10T01:38:39.281Z",
    "updated_at": "2025-02-10T01:38:39.281Z",
    "my_order": 0,
    "title": "Changyutgichlar"
  }
},
{
  "model": "ecommerce.product",
  "pk": 1,
  "fields": {
    "created_at": "2025-02-10T01:40:31.345Z",
    "updated_at": "2025-02-11T13:38:11.252Z",
    "my_order": 0,
    "name": "Konditsioner LG AC12BK",
    "description": "Devorga o'rnatilgan split tizim LG AC12BK konditsionerining asosiy komponenti hisoblanadi. Bu qulay ichki mikroiqlimni yaratadi va qulay iqlimni yaratishga yordam beradi. Sovutish, isitish va shamollatish rejimi funksiyalariga ega. Bu butun yil davomida qulay ichki sharoitlarni yaratishga imkon beradi. Ushbu split tizimning maksimal quvvati 12 000 BTU/soatni  tashkil etadi, bu sizga 36 kvadrat metrgacha bo'lgan xonani tez va samarali sovutish yoki isitish imkonini beradi va bu yotoqxona / yashash xonasi kabi o'rta kattalikdagi xonalar uchun juda mos keladi.",
    "price": "9750000.00",
    "discount": 0,
    "image": "media/products/konditsioner2_I93VPfL.webp",
    "category": 1,
    "quantity": 10,
    "stock": true,
    "favorite": false,
    "rating": 1
  }
},
{
  "model": "ecommerce.product",
  "pk": 2,
  "fields": {
    "created_at": "2025-02-10T01:41:34.415Z",
    "updated_at": "2025-02-11T13:41:29.280Z",
    "my_order": 0,
    "name": "Konditsioner Avalon ART 12HQ",
    "description": "Avalon ART 12HQ konditsioneri - bu devorga o'rnatilgan split tizimli qurilma bo'lib, u eng so'nggi qulaylik talablariga javob beradi va tashqi kirishdan maksimal darajada himoya qiladi. Ushbu konditsioner uy yoki ofis uchun ishlatilishi mumkin. U bir qator afzalliklarga ega: yuqori unumdorlik, zamonaviy funksionallik va zamonaviy dizayn.\r\n\r\n Avalon ART 12HQ konditsioneri zamonaviy dizaynga ega, shuningdek, sensorli ekran yordamida aniq va intuitiv sozlamalarga ega. Bu konditsionerning ish rejimlari, harorati va boshqa funksiyalarini osongina boshqarishga yordam beradi. Ushbu konditsioner soatiga 12 000 BTU quvvatga ega, shu bilan birga u nafaqat xonani sovutish, balki isitishni ham ta'minlashga qodir. U 32 kvadrat metrgacha bo'lgan xonalarda qulay haroratni saqlash uchun maxsus mo'ljallangan.",
    "price": "9000000.00",
    "discount": 10,
    "image": "media/products/konditsioner_aKRLI3o.webp",
    "category": 1,
    "quantity": 16,
    "stock": true,
    "favorite": true,
    "rating": 3
  }
},
{
  "model": "ecommerce.product",
  "pk": 3,
  "fields": {
    "created_at": "2025-02-10T01:42:35.813Z",
    "updated_at": "2025-02-10T06:18:54.347Z",
    "my_order": 0,
    "name": "Isitgich Shivaki SH-OH-1352",
    "description": "Shivaki Oil Heater - yilning sovuq davrida issiqlik hosil qilish uchun samarali uskuna. O‘zbekistonda ishlab chiqarilgan ushbu model zamonaviy funksionallik va yuqori unumdorlikni uyg‘unlashtirib, uyingiz yoki ofisingizda shinamlik va qulaylikni ta’minlaydi.\r\n\r\nIsitkichning quvvati 2500 Vt ni tashkil etadi, bu unga xonani barqaror haroratda tez isitish imkonini beradi. Qurilma o‘n uchta seksiya bilan jihozlangan bo‘lib, ular issiqlikni bir tekisda taqsimlaydi, hatto keng xonalarda ham qulay sharoit yaratadi. Moyli isitish mexanizmi elektr energiyasini tejagan holda issiqlikni uzoq vaqt saqlashni kafolatlaydi. Ichki turboventilyatorning mavjudligi issiq havoni bir tekis taqsimlab, isitish jarayonini tezlashtiradi. Termostat va haroratni rostlash funksiyasi qurilmani individual ehtiyojlarga moslash imkonini beradi. Ushbu funksiyalar optimal mikroiqlimni yaratish va uni belgilangan darajada ushlab turishga yordam beradi.",
    "price": "1240000.00",
    "discount": 0,
    "image": "media/products/isitgich_JkydgLT.webp",
    "category": 2,
    "quantity": 15,
    "stock": true,
    "favorite": false,
    "rating": 3
  }
},
{
  "model": "ecommerce.product",
  "pk": 4,
  "fields": {
    "created_at": "2025-02-10T01:43:34.820Z",
    "updated_at": "2025-02-10T01:43:34.820Z",
    "my_order": 0,
    "name": "Isitgich Artel OH1372",
    "description": "Sizda markaziy isitish tizimi bormi yoki u sizning uy ehtiyojlaringizni qondirmaydimi? Bu muammo emas. TEXNOMART kompaniyasidan Artel OH1372 isitgichini xarid qiling. Bu sizning uyingizda ajoyib issiqlik manba bo‘ladi. Kam quvvat sarfi bilan qulay haroratga erishasiz. Bu isitgich yuqori sifatli materiallardan tayyorlangan. Bu kuchli va bardoshli. Kuyib qolishdan himoya qilinishi - o‘rnatilgan sensor haddan tashqari qizib ketganda qurilmani o‘chiradi. Isitish rejimi 4ta. Haroratni sozlash muruvvati. Muhimi yog‘li radiatorni barqaror holatda o‘rnatish. Ish paytida qurilma vertikal holatda bo‘lishi kerak.",
    "price": "999999.00",
    "discount": 0,
    "image": "media/products/isitgich2_0nkCzbM.webp",
    "category": 2,
    "quantity": 20,
    "stock": true,
    "favorite": true,
    "rating": 2
  }
},
{
  "model": "ecommerce.product",
  "pk": 5,
  "fields": {
    "created_at": "2025-02-10T01:45:12.425Z",
    "updated_at": "2025-02-12T10:19:45.671Z",
    "my_order": 0,
    "name": "Samsung Galaxy Z Fold 12/512GB Silver Shadow Smartfoni",
    "description": "Kuchli va almashtirib bo'lmaydigan Qualcomm Snapdragon 8 Gen 3 protsessori, bir xil darajada kuchli Adreno 750 GPU bilan birgalikda tizimning yaxshilangan ishlashi va barqarorligini kafolatlaydi. Ushbu kombinatsiya multimedia vazifalari, o'yinlar va yetarli quvvatni talab qiladigan foydalanuvchilarning kundalik echimlari uchun idealdir.\r\nTashqi ko'rinish haqiqatan ham ta'sirli: asosiy keng formatli displeyga yuqori aniqlikdagi va mukammal rang xususiyatlariga ega qo'shimcha tashqi ekran qo'shildi. Ushbu yechim ko'proq multi-touch imkoniyatlarini, yaxshilangan ilovalar tajribasini va foydalanish qulayligini ta'minlaydi.",
    "price": "20368000.00",
    "discount": 10,
    "image": "media/products/smartfon_9mhoqe8.webp",
    "category": 3,
    "quantity": 19,
    "stock": true,
    "favorite": false,
    "rating": 5
  }
},
{
  "model": "ecommerce.img",
  "pk": 1,
  "fields": {
    "created_at": "2025-02-10T05:07:33.136Z",
    "updated_at": "2025-02-10T05:07:33.136Z",
    "my_order": 0,
    "image": "media/img/konditsioner_HcG52RA.webp"
  }
},
{
  "model": "ecommerce.img",
  "pk": 2,
  "fields": {
    "created_at": "2025-02-10T05:07:38.929Z",
    "updated_at": "2025-02-10T05:07:38.929Z",
    "my_order": 0,
    "image": "media/img/konditsioner2_pr0vs6K.jpg"
  }
},
{
  "model": "ecommerce.img",
  "pk": 3,
  "fields": {
    "created_at": "2025-02-10T05:07:44.959Z",
    "updated_at": "2025-02-10T05:07:44.959Z",
    "my_order": 0,
    "image": "media/img/konditsioner3_twkh86h.jpg"
  }
},
{
  "model": "ecommerce.img",
  "pk": 4,
  "fields": {
    "created_at": "2025-02-10T05:07:51.097Z",
    "updated_at": "2025-02-10T05:07:51.097Z",
    "my_order": 0,
    "image": "media/img/konditsioner4_mBEWZf3.webp"
  }
},
{
  "model": "ecommerce.img",
  "pk": 5,
  "fields": {
    "created_at": "2025-02-10T05:31:57.861Z",
    "updated_at": "2025-02-10T05:31:57.861Z",
    "my_order": 0,
    "image": "media/img/avalon1.webp"
  }
},
{
  "model": "ecommerce.img",
  "pk": 6,
  "fields": {
    "created_at": "2025-02-10T05:32:02.654Z",
    "updated_at": "2025-02-10T05:32:02.654Z",
    "my_order": 0,
    "image": "media/img/avalon2.webp"
  }
},
{
  "model": "ecommerce.img",
  "pk": 7,
  "fields": {
    "created_at": "2025-02-10T05:32:06.897Z",
    "updated_at": "2025-02-10T05:32:06.897Z",
    "my_order": 0,
    "image": "media/img/avalon3.webp"
  }
},
{
  "model": "ecommerce.img",
  "pk": 8,
  "fields": {
    "created_at": "2025-02-10T05:32:11.559Z",
    "updated_at": "2025-02-10T05:32:11.559Z",
    "my_order": 0,
    "image": "media/img/avalon4.webp"
  }
},
{
  "model": "ecommerce.img",
  "pk": 9,
  "fields": {
    "created_at": "2025-02-10T05:37:19.162Z",
    "updated_at": "2025-02-10T05:37:19.162Z",
    "my_order": 0,
    "image": "media/img/isitgich.webp"
  }
},
{
  "model": "ecommerce.productimg",
  "pk": 1,
  "fields": {
    "created_at": "2025-02-10T05:09:19.233Z",
    "updated_at": "2025-02-10T05:09:19.233Z",
    "my_order": 0,
    "product": 1,
    "image": 1
  }
},
{
  "model": "ecommerce.productimg",
  "pk": 2,
  "fields": {
    "created_at": "2025-02-10T05:09:24.455Z",
    "updated_at": "2025-02-10T05:09:24.455Z",
    "my_order": 0,
    "product": 1,
    "image": 2
  }
},
{
  "model": "ecommerce.productimg",
  "pk": 3,
  "fields": {
    "created_at": "2025-02-10T05:09:29.644Z",
    "updated_at": "2025-02-10T05:09:29.644Z",
    "my_order": 0,
    "product": 1,
    "image": 3
  }
},
{
  "model": "ecommerce.productimg",
  "pk": 4,
  "fields": {
    "created_at": "2025-02-10T05:09:34.394Z",
    "updated_at": "2025-02-10T05:09:34.395Z",
    "my_order": 0,
    "product": 1,
    "image": 4
  }
},
{
  "model": "ecommerce.productimg",
  "pk": 5,
  "fields": {
    "created_at": "2025-02-10T05:32:26.992Z",
    "updated_at": "2025-02-10T05:32:26.992Z",
    "my_order": 0,
    "product": 2,
    "image": 5
  }
},
{
  "model": "ecommerce.productimg",
  "pk": 6,
  "fields": {
    "created_at": "2025-02-10T05:32:32.164Z",
    "updated_at": "2025-02-10T05:32:32.164Z",
    "my_order": 0,
    "product": 2,
    "image": 6
  }
},
{
  "model": "ecommerce.productimg",
  "pk": 7,
  "fields": {
    "created_at": "2025-02-10T05:32:36.818Z",
    "updated_at": "2025-02-10T05:32:36.818Z",
    "my_order": 0,
    "product": 2,
    "image": 7
  }
},
{
  "model": "ecommerce.productimg",
  "pk": 8,
  "fields": {
    "created_at": "2025-02-10T05:32:41.095Z",
    "updated_at": "2025-02-10T05:32:41.095Z",
    "my_order": 0,
    "product": 2,
    "image": 8
  }
},
{
  "model": "ecommerce.productimg",
  "pk": 9,
  "fields": {
    "created_at": "2025-02-10T05:37:36.377Z",
    "updated_at": "2025-02-10T05:37:36.377Z",
    "my_order": 0,
    "product": 3,
    "image": 9
  }
},
{
  "model": "ecommerce.attribute",
  "pk": 1,
  "fields": {
    "name": "Brend"
  }
},
{
  "model": "ecommerce.attribute",
  "pk": 2,
  "fields": {
    "name": "Sovitish quvvati"
  }
},
{
  "model": "ecommerce.attribute",
  "pk": 3,
  "fields": {
    "name": "Isitish quvvati"
  }
},
{
  "model": "ecommerce.attribute",
  "pk": 4,
  "fields": {
    "name": "Sarflash quvvati (isitish/Sovitish)"
  }
},
{
  "model": "ecommerce.attribute",
  "pk": 5,
  "fields": {
    "name": "Maydoni"
  }
},
{
  "model": "ecommerce.attribute",
  "pk": 6,
  "fields": {
    "name": "Brend"
  }
},
{
  "model": "ecommerce.attribute",
  "pk": 7,
  "fields": {
    "name": "Turi"
  }
},
{
  "model": "ecommerce.attribute",
  "pk": 8,
  "fields": {
    "name": "Quvvati"
  }
},
{
  "model": "ecommerce.attribute",
  "pk": 9,
  "fields": {
    "name": "Ishlab chiqaruvchi davlat"
  }
},
{
  "model": "ecommerce.attribute",
  "pk": 10,
  "fields": {
    "name": "Kuchlanish"
  }
},
{
  "model": "ecommerce.attributevalue",
  "pk": 1,
  "fields": {
    "value": "LG"
  }
},
{
  "model": "ecommerce.attributevalue",
  "pk": 2,
  "fields": {
    "value": "2050 Vt"
  }
},
{
  "model": "ecommerce.attributevalue",
  "pk": 3,
  "fields": {
    "value": "3200 Vt"
  }
},
{
  "model": "ecommerce.attributevalue",
  "pk": 4,
  "fields": {
    "value": "1050/1080 Vt"
  }
},
{
  "model": "ecommerce.attributevalue",
  "pk": 5,
  "fields": {
    "value": "36 kv.m"
  }
},
{
  "model": "ecommerce.attributevalue",
  "pk": 6,
  "fields": {
    "value": "Avalon"
  }
},
{
  "model": "ecommerce.attributevalue",
  "pk": 7,
  "fields": {
    "value": "3600 Vt"
  }
},
{
  "model": "ecommerce.attributevalue",
  "pk": 8,
  "fields": {
    "value": "4450 Vt"
  }
},
{
  "model": "ecommerce.attributevalue",
  "pk": 9,
  "fields": {
    "value": "1200/955 Vt"
  }
},
{
  "model": "ecommerce.attributevalue",
  "pk": 10,
  "fields": {
    "value": "32 kv.m"
  }
},
{
  "model": "ecommerce.attributevalue",
  "pk": 11,
  "fields": {
    "value": "Shivaki"
  }
},
{
  "model": "ecommerce.attributevalue",
  "pk": 12,
  "fields": {
    "value": "Moyli"
  }
},
{
  "model": "ecommerce.attributevalue",
  "pk": 13,
  "fields": {
    "value": "2500 Vt"
  }
},
{
  "model": "ecommerce.attributevalue",
  "pk": 14,
  "fields": {
    "value": "O'zbekiston"
  }
},
{
  "model": "ecommerce.attributevalue",
  "pk": 15,
  "fields": {
    "value": "220-240 V"
  }
},
{
  "model": "ecommerce.productattribute",
  "pk": 1,
  "fields": {
    "product": 1,
    "attribute": 1,
    "attribute_value": 1
  }
},
{
  "model": "ecommerce.productattribute",
  "pk": 2,
  "fields": {
    "product": 1,
    "attribute": 2,
    "attribute_value": 2
  }
},
{
  "model": "ecommerce.productattribute",
  "pk": 3,
  "fields": {
    "product": 1,
    "attribute": 3,
    "attribute_value": 3
  }
},
{
  "model": "ecommerce.productattribute",
  "pk": 4,
  "fields": {
    "product": 1,
    "attribute": 4,
    "attribute_value": 4
  }
},
{
  "model": "ecommerce.productattribute",
  "pk": 5,
  "fields": {
    "product": 1,
    "attribute": 5,
    "attribute_value": 5
  }
},
{
  "model": "ecommerce.productattribute",
  "pk": 6,
  "fields": {
    "product": 2,
    "attribute": 1,
    "attribute_value": 6
  }
},
{
  "model": "ecommerce.productattribute",
  "pk": 7,
  "fields": {
    "product": 2,
    "attribute": 2,
    "attribute_value": 7
  }
},
{
  "model": "ecommerce.productattribute",
  "pk": 8,
  "fields": {
    "product": 2,
    "attribute": 3,
    "attribute_value": 8
  }
},
{
  "model": "ecommerce.productattribute",
  "pk": 9,
  "fields": {
    "product": 2,
    "attribute": 4,
    "attribute_value": 9
  }
},
{
  "model": "ecommerce.productattribute",
  "pk": 10,
  "fields": {
    "product": 2,
    "attribute": 5,
    "attribute_value": 10
  }
},
{
  "model": "ecommerce.productattribute",
  "pk": 11,
  "fields": {
    "product": 3,
    "attribute": 6,
    "attribute_value": 11
  }
},
{
  "model": "ecommerce.productattribute",
  "pk": 12,
  "fields": {
    "product": 3,
    "attribute": 7,
    "attribute_value": 12
  }
},
{
  "model": "ecommerce.productattribute",
  "pk": 13,
  "fields": {
    "product": 3,
    "attribute": 8,
    "attribute_value": 13
  }
},
{
  "model": "ecommerce.productattribute",
  "pk": 14,
  "fields": {
    "product": 3,
    "attribute": 9,
    "attribute_value": 14
  }
},
{
  "model": "ecommerce.productattribute",
  "pk": 15,
  "fields": {
    "product": 3,
    "attribute": 10,
    "attribute_value": 15
  }
},
{
  "model": "ecommerce.comment",
  "pk": 6,
  "fields": {
    "created_at": "2025-02-10T05:33:02.307Z",
    "updated_at": "2025-02-10T05:33:02.307Z",
    "my_order": 0,
    "full_name": "Mike Tomas",
    "email": "mike@gmail.com",
    "product": 2,
    "body": "good"
  }
},
{
  "model": "ecommerce.customer",
  "pk": 1,
  "fields": {
    "created_at": "2025-02-10T09:48:14.882Z",
    "updated_at": "2025-02-10T09:48:14.882Z",
    "my_order": 0,
    "full_name": "Mike Tomas",
    "email": "mike@gmail.com",
    "description": "No Description",
    "vat_number": "No VAT number",
    "send_email_to": "",
    "address": "Chust",
    "phone_number": "+998911771170",
    "invoice_prefix": "KVXTF",
    "invoice_number": 1
  }
},
{
  "model": "ecommerce.customer",
  "pk": 2,
  "fields": {
    "created_at": "2025-02-11T05:31:42.252Z",
    "updated_at": "2025-02-11T05:31:42.252Z",
    "my_order": 0,
    "full_name": "",
    "email": "muzaffar@gmail.com",
    "description": "No Description",
    "vat_number": "No VAT number",
    "send_email_to": "",
    "address": "",
    "phone_number": "",
    "invoice_prefix": "JTIRV",
    "invoice_number": 1
  }
},
{
  "model": "ecommerce.customer",
  "pk": 3,
  "fields": {
    "created_at": "2025-02-11T05:34:55.080Z",
    "updated_at": "2025-02-11T05:34:55.080Z",
    "my_order": 0,
    "full_name": "",
    "email": "muzaffaribrohimov47@gmail.com",
    "description": "No Description",
    "vat_number": "No VAT number",
    "send_email_to": "",
    "address": "",
    "phone_number": "",
    "invoice_prefix": "TRJQL",
    "invoice_number": 1
  }
},
{
  "model": "ecommerce.shoppingcart",
  "pk": 1,
  "fields": {
    "created_at": "2025-02-10T09:56:11.116Z",
    "updated_at": "2025-02-10T09:56:11.116Z",
    "my_order": 0,
    "user": 1,
    "product": 1
  }
},
{
  "model": "ecommerce.shoppingcart",
  "pk": 2,
  "fields": {
    "created_at": "2025-02-11T05:31:42.260Z",
    "updated_at": "2025-02-11T05:31:42.260Z",
    "my_order": 0,
    "user": 2,
    "product": 1
  }
},
{
  "model": "ecommerce.shoppingcart",
  "pk": 3,
  "fields": {
    "created_at": "2025-02-11T05:31:57.838Z",
    "updated_at": "2025-02-11T05:31:57.838Z",
    "my_order": 0,
    "user": 2,
    "product": 2
  }
},
{
  "model": "ecommerce.shoppingcart",
  "pk": 4,
  "fields": {
    "created_at": "2025-02-11T05:34:55.089Z",
    "updated_at": "2025-02-11T05:34:55.089Z",
    "my_order": 0,
    "user": 3,
    "product": 1
  }
},
{
  "model": "ecommerce.shoppingcart",
  "pk": 5,
  "fields": {
    "created_at": "2025-02-11T13:36:26.373Z",
    "updated_at": "2025-02-11T13:36:26.373Z",
    "my_order": 0,
    "user": 2,
    "product": 4
  }
},
{
  "model": "user.user",
  "pk": 1,
  "fields": {
    "password": "pbkdf2_sha256$870000$alaWdHIHfZ7SLJKVNirE2V$EbYH6OYgsLD/jCYlj7Nd/MF841XBEjmkiPdl5HvBTak=",
    "last_login": "2025-02-11T13:41:20.976Z",
    "is_superuser": true,
    "first_name": "",
    "last_name": "",
    "is_staff": true,
    "is_active": true,
    "date_joined": "2025-02-09T10:59:02.280Z",
    "email": "muzaffar@gmail.com",
    "groups": [],
    "user_permissions": []
  }
},
{
  "model": "user.user",
  "pk": 2,
  "fields": {
    "password": "pbkdf2_sha256$870000$HhYCDJhoziCb7ChbbVpjK3$gqOlKaLyLiO2sAsniUv2P1dYowlKeHD7aTvhUUR927w=",
    "last_login": "2025-02-11T05:53:42.800Z",
    "is_superuser": false,
    "first_name": "",
    "last_name": "",
    "is_staff": false,
    "is_active": true,
    "date_joined": "2025-02-10T01:30:46.785Z",
    "email": "muzaffaribrohimov47@gmail.com",
    "groups": [],
    "user_permissions": []
  }
}
]
